title,location,time_of_work,type_of_agreement,salary,article_url
kucharz,"Kraków, Stare Miasto",Pełny etat,Umowa o pracę,3 500 zł/mies. brutto,https://www.olx.pl/oferta/kucharz-CID4-IDCRj6j.html#97cdd90949;promoted
Praca McDonald’s - Galeriia Bonarka Kraków od 16.10 zł brutt/godz.,12  gru,Niepełny etat,Umowa o pracę,od 14 zł do 18 zł/mies.  brutto,https://www.olx.pl/oferta/praca-mcdonalds-galeriia-bonarka-krakow-od-16-10-zl-brutt-godz-CID4-IDCxlfO.html#97cdd90949;promoted
Pracownik restauracji McDonalds Opolska,"Kraków, Grzegórzki",Pełny etat,Umowa o pracę,15 zł/godz. brutto,https://www.olx.pl/oferta/pracownik-restauracji-mcdonalds-opolska-CID4-IDCKF6B.html#97cdd90949
Kucharz śniadaniowy do Hotelu Starego 5* Kraków,wczoraj 14:53,Pełny etat,Umowa o pracę,od 15 zł do 19 zł/godz.  brutto,https://www.olx.pl/oferta/kucharz-sniadaniowy-do-hotelu-starego-5-krakow-CID4-IDCQhVl.html#97cdd90949
Przyjmę kelnerke/kelnera,"Kraków, Grzegórzki",Niepełny etat,Umowa o pracę,,https://www.olx.pl/oferta/przyjme-kelnerke-kelnera-CID4-IDCWq5u.html#97cdd90949
Pomoc kuchenna do Hotelu Starego 5* Kraków / praca stała i dorywcza,16  gru,Niepełny etat,Umowa o pracę,od 14 zł do 18 zł/mies.  brutto,https://www.olx.pl/oferta/pomoc-kuchenna-do-hotelu-starego-5-krakow-praca-stala-i-dorywcza-CID4-IDCKqnU.html#97cdd90949
Pracownik Restauracji McCafe,"Kraków, Bieńczyce",Pełny etat,Umowa o pracę,od 3 200 zł do 4 200 zł/mies.  brutto,https://www.olx.pl/oferta/pracownik-restauracji-mccafe-CID4-IDCJgb6.html#97cdd90949;promoted
Lider Gościnności,11  gru,Pełny etat,Umowa o pracę,,https://www.olx.pl/oferta/lider-goscinnosci-CID4-IDCyvP7.html#97cdd90949;promoted
Pracownik Restauracji McDonald’s - Kraków Mateczny do 3000 brutto/m-c,"Kraków, Podgórze",Pełny etat,Umowa o pracę,od 12 zł do 14 zł/mies.  brutto,https://www.olx.pl/oferta/pracownik-restauracji-mcdonalds-krakow-mateczny-do-3000-brutto-m-c-CID4-IDCJgb0.html#97cdd90949;promoted
McDonald’s Pilotów Kraków - Pracownik Restauracj,17  gru,Pełny etat,Umowa o pracę,,https://www.olx.pl/oferta/mcdonalds-pilotow-krakow-pracownik-restauracj-CID4-IDCQ7jh.html#97cdd90949
Pracownik Kuchni w Restauracji Pizza Hut,"Kraków, Krowodrza",Pełny etat,Umowa o pracę,14 zł/mies. brutto,https://www.olx.pl/oferta/pracownik-kuchni-w-restauracji-pizza-hut-CID4-IDCEfkU.html#97cdd90949
Amerykańska restauracja zatrudni kelnerkę /a.,wczoraj 18:31,Pełny etat,Umowa o pracę,od 3 500 zł do 4 900 zł/mies.  brutto,https://www.olx.pl/oferta/amerykanska-restauracja-zatrudni-kelnerke-a-CID4-IDCWbvO.html#97cdd90949
Deli Sandwich szuka osób z pozytywną energią,"Kraków, Stare Miasto",Pełny etat,Umowa o pracę,25 zł/godz. brutto,https://www.olx.pl/oferta/deli-sandwich-szuka-osob-z-pozytywna-energia-CID4-IDCkCOB.html#97cdd90949
"Praca dla barmana, barmanki",wczoraj 18:22,Pełny etat,Umowa o pracę,od 16 zł do 18 zł/godz.  brutto,https://www.olx.pl/oferta/praca-dla-barmana-barmanki-CID4-IDr2bCW.html#97cdd90949
Pracownik Restauracji McDonald’s - Kraków Mateczny do 3000 brutto/m-c,"Kraków, Nowa Huta",Pełny etat,Umowa o pracę,od 16 zł do 19 zł/godz.  brutto,https://www.olx.pl/oferta/pracownik-restauracji-mcdonalds-krakow-mateczny-do-3000-brutto-m-c-CID4-IDCW8Vi.html#97cdd90949
Manager Restauracji,wczoraj 16:58,Pełny etat,Umowa o pracę,od 16 zł do 18 zł/godz.  brutto,https://www.olx.pl/oferta/manager-restauracji-CID4-IDCQdAi.html#97cdd90949
"3200 zł + premia, kiosk gastronomiczny, AGH.","Kraków, Stare Miasto",Pełny etat,Umowa o pracę,16 zł/godz. brutto,https://www.olx.pl/oferta/3200-zl-premia-kiosk-gastronomiczny-agh-CID4-IDCW66b.html#97cdd90949
Praca na zmywaku w restauracji w centrum Krakowa,wczoraj 16:38,Pełny etat,Umowa o pracę,od 4 700 zł do 5 000 zł/mies.  brutto,https://www.olx.pl/oferta/praca-na-zmywaku-w-restauracji-w-centrum-krakowa-CID4-IDBpAOH.html#97cdd90949
Pracownik restauracji McDonald’s Galeria Bronowice,"Kraków, Prądnik Biały",Pełny etat,Umowa o pracę,od 28 zł do 29 zł/mies.  brutto,https://www.olx.pl/oferta/pracownik-restauracji-mcdonalds-galeria-bronowice-CID4-IDCJYhZ.html#97cdd90949
Kelner/Kelnerka do nowej restauracji amerykanskiej przy Wawelu,wczoraj 16:05,Niepełny etat,Umowa o pracę,od 14 zł do 18 zł/mies.  brutto,https://www.olx.pl/oferta/kelner-kelnerka-do-nowej-restauracji-amerykanskiej-przy-wawelu-CID4-IDC24It.html#97cdd90949
Pracownik kuchni/Zmywanie -Kraków ul. Czerwone Maki,"Kraków, Nowa Huta",Pełny etat,Umowa o pracę,od 3 000 zł do 4 000 zł/mies.  brutto,https://www.olx.pl/oferta/pracownik-kuchni-zmywanie-krakow-ul-czerwone-maki-CID4-IDz1c5L.html#97cdd90949
"Kucharz (pełny etat), IKEA Retail, Kraków",wczoraj 15:55,Niepełny etat,Umowa o pracę,od 15 zł do 18 zł/godz.  brutto,https://www.olx.pl/oferta/kucharz-pelny-etat-ikea-retail-krakow-CID4-IDCtTlb.html#97cdd90949
Praca McDonald’s - Galeriia Bonarka Kraków do 3000zł brutt/msc,"Kraków, Stare Miasto",Pełny etat,Umowa o pracę,od 4 500 zł do 7 000 zł/mies.  brutto,https://www.olx.pl/oferta/praca-mcdonalds-galeriia-bonarka-krakow-do-3000zl-brutt-msc-CID4-IDCxlfE.html#97cdd90949;promoted
Praca McDonald’s - Galeriia Bonarka Kraków od 16.10 zł brutt/godz.,wczoraj 15:53,Pełny etat,Umowa o pracę,,https://www.olx.pl/oferta/praca-mcdonalds-galeriia-bonarka-krakow-od-16-10-zl-brutt-godz-CID4-IDCxlfO.html#97cdd90949;promoted
"Restauracja Sphinx zatrudni pomoc kucharzy, pracowników kuchni","Kraków, Nowa Huta",Pełny etat,Umowa o pracę,,https://www.olx.pl/oferta/restauracja-sphinx-zatrudni-pomoc-kucharzy-pracownikow-kuchni-CID4-IDuvOeh.html#6783feaffa;promoted
Zazie Bistro na krakowskim Kazimierzu zatrudni młodszego kucharza,wczoraj 16:58,Pełny etat,Umowa o pracę,,https://www.olx.pl/oferta/zazie-bistro-na-krakowskim-kazimierzu-zatrudni-mlodszego-kucharza-CID4-IDyJlit.html#6783feaffa
Kelner w restauracji na luksusowym statku pasażerskim Seabourn,"Kraków, Grzegórzki",Pełny etat,Umowa o pracę,,https://www.olx.pl/oferta/kelner-w-restauracji-na-luksusowym-statku-pasazerskim-seabourn-CID4-IDCDw5q.html#6783feaffa
55 tys. zł za 6 miesięcy pracy jako kucharz na statku rzecznym!,17  gru,Pełny etat,Umowa o pracę,od 21 zł do 23 zł/godz.  brutto,https://www.olx.pl/oferta/55-tys-zl-za-6-miesiecy-pracy-jako-kucharz-na-statku-rzecznym-CID4-IDCPfoT.html#6783feaffa
Pizzer osiedle Avia,"Kraków, Łagiewniki-Borek Fałęcki",Pełny etat,Umowa o pracę,,https://www.olx.pl/oferta/pizzer-osiedle-avia-CID4-IDAivsj.html#6783feaffa
Restauracja Avangarda zatrudni kelnerów,16  gru,Pełny etat,Umowa o pracę,,https://www.olx.pl/oferta/restauracja-avangarda-zatrudni-kelnerow-CID4-IDCDmqI.html#6783feaffa
Osoba zmywająca // Moo Moo Steak,"Kraków, Podgórze",Pełny etat,Umowa o pracę,,https://www.olx.pl/oferta/osoba-zmywajaca-moo-moo-steak-CID4-IDvGJRK.html#6783feaffa
Kucharz,16  gru,Pełny etat,Umowa o pracę,,https://www.olx.pl/oferta/kucharz-CID4-IDAzO31.html#6783feaffa
Pracownik Mc Cafe Galeria Kazimierz cały etat,"Kraków, Dębniki",Pełny etat,Umowa o pracę,od 3 800 zł do 4 500 zł/mies.  brutto,https://www.olx.pl/oferta/pracownik-mc-cafe-galeria-kazimierz-caly-etat-CID4-IDCDlIf.html#6783feaffa
Pracownik Zmiany Nocnej McDonalds Kraków Czyżyny,16  gru,Pełny etat,Umowa o pracę,od 14 zł do 18 zł/mies.  brutto,https://www.olx.pl/oferta/pracownik-zmiany-nocnej-mcdonalds-krakow-czyzyny-CID4-IDCzXn0.html#6783feaffa;promoted
"Pracownik Gastronomii (pełny etat lub 3/4 etatu), IKEA Retail, Kraków","Kraków, Grzegórzki",Pełny etat,Umowa o pracę,od 13 000 zł do 14 000 zł/mies.  brutto,https://www.olx.pl/oferta/pracownik-gastronomii-pelny-etat-lub-3-4-etatu-ikea-retail-krakow-CID4-IDCP85v.html#6783feaffa
Kelnerka/Barman do Japońskiej Restauracji przy błoniach,17  gru,Pełny etat,Umowa o pracę,9 400 zł/mies. brutto,https://www.olx.pl/oferta/kelnerka-barman-do-japonskiej-restauracji-przy-bloniach-CID4-IDBRfuM.html#6783feaffa
Pracownik Restauracji - Kraków Tadeusza Śliwiaka,"Kraków, Stare Miasto",Pełny etat,Umowa o pracę,od 16 zł do 20 zł/godz.  brutto,https://www.olx.pl/oferta/pracownik-restauracji-krakow-tadeusza-sliwiaka-CID4-IDC2NIH.html#6783feaffa
Pracownik zmiany nocnej McDonald’s Tadeusza Śliwiaka,17  gru,Pełny etat,Umowa o pracę,,https://www.olx.pl/oferta/pracownik-zmiany-nocnej-mcdonalds-tadeusza-sliwiaka-CID4-IDCzSRn.html#6783feaffa
45 tys. zł za 6 miesięcy pracy na zmywaku na statku rzecznym!,"Kraków, Stare Miasto",Pełny etat,Umowa o pracę,od 3 000 zł do 6 000 zł/mies.  brutto,https://www.olx.pl/oferta/45-tys-zl-za-6-miesiecy-pracy-na-zmywaku-na-statku-rzecznym-CID4-IDCP4W9.html#6783feaffa
45 tys. zł za 6 miesięcy pracy jako kelner na statku rzecznym!,17  gru,Pełny etat,Umowa o pracę,od 20 zł do 21 zł/godz.  brutto,https://www.olx.pl/oferta/45-tys-zl-za-6-miesiecy-pracy-jako-kelner-na-statku-rzecznym-CID4-IDCP4pk.html#6783feaffa
Kucharz - Kraków,"Kraków, Stare Miasto",Pełny etat,Umowa o pracę,13 zł/godz. brutto,https://www.olx.pl/oferta/kucharz-krakow-CID4-IDAi797.html#6783feaffa
Szef kuchni / Szef zmiany,17  gru,Pełny etat,Umowa o pracę,od 3 000 zł do 4 500 zł/mies.  brutto,https://www.olx.pl/oferta/szef-kuchni-szef-zmiany-CID4-IDCUncm.html#6783feaffa
"McDonald's zmiany - ranne, popołudniowe, nocne - do 20 zł/h b","Kraków, Nowa Huta",Pełny etat,Umowa o pracę,,https://www.olx.pl/oferta/mcdonalds-zmiany-ranne-popoludniowe-nocne-do-20-zl-h-b-CID4-IDqQtuF.html#6783feaffa
Project Manager Food and Beverage,17  gru,Pełny etat,Umowa o pracę,od 3 000 zł do 3 500 zł/mies.  brutto,https://www.olx.pl/oferta/project-manager-food-and-beverage-CID4-IDCOZMs.html#6783feaffa
Pracownik restauracji,"Kraków, Stare Miasto",Pełny etat,Umowa o pracę,od 3 000 zł do 5 000 zł/mies.  brutto,https://www.olx.pl/oferta/pracownik-restauracji-CID4-IDCODmE.html#6783feaffa
Na Zmywak zatrudnimy.,17  gru,Pełny etat,Umowa o pracę,od 20 zł do 21 zł/godz.  brutto,https://www.olx.pl/oferta/na-zmywak-zatrudnimy-CID4-IDBKzNw.html#6783feaffa
Zmywak / sprzątanie,"Kraków, Stare Miasto",Pełny etat,Umowa o pracę,od 14 zł do 20 zł/godz.  brutto,https://www.olx.pl/oferta/zmywak-sprzatanie-CID4-IDmpaBE.html#6783feaffa
Zatrudnimy kucharza,17  gru,Pełny etat,Umowa o pracę,od 16 zł do 19 zł/godz.  brutto,https://www.olx.pl/oferta/zatrudnimy-kucharza-CID4-IDCTXwk.html#6783feaffa
Pracownik Zaplecza Kuchni w PURO Kraków Kazimierz,"Kraków, Czyżyny",Pełny etat,Umowa o pracę,od 16 zł do 20 zł/godz.  brutto,https://www.olx.pl/oferta/pracownik-zaplecza-kuchni-w-puro-krakow-kazimierz-CID4-IDxUv2P.html#6783feaffa
"Barman (K/M), Vienna House Easy",17  gru,Pełny etat,Umowa o pracę,7 700 zł/mies. brutto,https://www.olx.pl/oferta/barman-k-m-vienna-house-easy-CID4-IDA0baT.html#6783feaffa
Przyjmę osobę do zmywania naczyń od zaraz,"Kraków, Bieżanów-Prokocim",Pełny etat,Umowa o pracę,7 700 zł/mies. brutto,https://www.olx.pl/oferta/przyjme-osobe-do-zmywania-naczyn-od-zaraz-CID4-IDx44y6.html#6783feaffa
Szef kuchni/ Kucharz - Bonarka - Kraków,17  gru,Pełny etat,Umowa o pracę,,https://www.olx.pl/oferta/szef-kuchni-kucharz-bonarka-krakow-CID4-IDCOq0F.html#6783feaffa
Kawiarnia w Rynku Głównym zatrudni osobę do pracy na barze,"Kraków, Stare Miasto",Pełny etat,Umowa o pracę,od 20 zł do 28 zł/godz.  brutto,https://www.olx.pl/oferta/kawiarnia-w-rynku-glownym-zatrudni-osobe-do-pracy-na-barze-CID4-IDjQkeZ.html#6783feaffa
Zatrudnię kucharza /kucharkę,17  gru,Pełny etat,Umowa o pracę,od 15 zł do 20 zł/godz.  brutto,https://www.olx.pl/oferta/zatrudnie-kucharza-kucharke-CID4-IDBhOvO.html#6783feaffa
Pomoc kuchenną zatrudnimy na stałe Restauracja w Galerii,"Kraków, Stare Miasto",Pełny etat,Umowa o pracę,od 20 zł do 21 zł/godz.  brutto,https://www.olx.pl/oferta/pomoc-kuchenna-zatrudnimy-na-stale-restauracja-w-galerii-CID4-IDAnhlK.html#3a54b8d332;promoted
Pracownik Restauracji McDonald’s - Kraków Mateczny do 3000 brutto/m-c,17  gru,Pełny etat,Umowa o pracę,,https://www.olx.pl/oferta/pracownik-restauracji-mcdonalds-krakow-mateczny-do-3000-brutto-m-c-CID4-IDCJgb0.html#3a54b8d332;promoted
Praca McDonald’s - Galeriia Bonarka Kraków do 3000zł brutt/msc,"Kraków, Bronowice",Pełny etat,Umowa o pracę,,https://www.olx.pl/oferta/praca-mcdonalds-galeriia-bonarka-krakow-do-3000zl-brutt-msc-CID4-IDCxlfE.html#3a54b8d332;promoted
Szklankowa zbieranie i zmywanie naczyń,16  gru,Pełny etat,Umowa o pracę,od 16 zł do 18 zł/godz.  brutto,https://www.olx.pl/oferta/szklankowa-zbieranie-i-zmywanie-naczyn-CID4-IDBHWrD.html#3a54b8d332
Restauracja Avangarda zatrudni kucharza i pomoc kuchenną,"Kraków, Stare Miasto",Pełny etat,Umowa o pracę,,https://www.olx.pl/oferta/restauracja-avangarda-zatrudni-kucharza-i-pomoc-kuchenna-CID4-IDClR3x.html#3a54b8d332
poszukujemy barmana/BARMANKI z doświadczeniem,4  gru,Pełny etat,Umowa o pracę,od 12 zł do 13 zł/godz.  brutto,https://www.olx.pl/oferta/poszukujemy-barmana-barmanki-z-doswiadczeniem-CID4-IDxURyo.html#3a54b8d332
Kucharz Śniadaniowy w PURO Kraków,"Kraków, Podgórze",Pełny etat,Umowa o pracę,od 3 000 zł do 7 000 zł/mies.  brutto,https://www.olx.pl/oferta/kucharz-sniadaniowy-w-puro-krakow-CID4-IDx7u36.html#3a54b8d332
Osoba do zmywania naczyń,wczoraj 15:10,Pełny etat,Umowa o pracę,od 2 500 zł do 4 000 zł/mies.  brutto,https://www.olx.pl/oferta/osoba-do-zmywania-naczyn-CID4-IDCTFph.html#3a54b8d332;promoted
Zmywak Restauracja w galerii Bronowice,"Kraków, Podgórze",Pełny etat,Umowa o pracę,,https://www.olx.pl/oferta/zmywak-restauracja-w-galerii-bronowice-CID4-IDvoWSO.html#3a54b8d332;promoted
Pomoc kuchenną zatrudnimy na stałe Restauracja w Galerii,17  gru,Pełny etat,Umowa o pracę,,https://www.olx.pl/oferta/pomoc-kuchenna-zatrudnimy-na-stale-restauracja-w-galerii-CID4-IDAnhlK.html#3a54b8d332;promoted
Praca w restauracja McDonald's ul.Grodzka 26 zarobki do 3000 brutto,"Kraków, Krowodrza",Pełny etat,Umowa o pracę,2 500 zł/mies. brutto,https://www.olx.pl/oferta/praca-w-restauracja-mcdonalds-ul-grodzka-26-zarobki-do-3000-brutto-CID4-IDCyWhh.html#3a54b8d332;promoted
"Restauracja Sphinx zatrudni pomoc kucharzy, pracowników kuchni",16  gru,Pełny etat,Umowa o pracę,,https://www.olx.pl/oferta/restauracja-sphinx-zatrudni-pomoc-kucharzy-pracownikow-kuchni-CID4-IDuvOeh.html#3a54b8d332;promoted
Restauracja samoobsługowa zatrudni Kucharza,"Kraków, Stare Miasto",Pełny etat,Umowa o pracę,,https://www.olx.pl/oferta/restauracja-samoobslugowa-zatrudni-kucharza-CID4-IDCTCrM.html#3a54b8d332
Restauracja samoobsługowa zatrudni na stanowisko kasjer/sprzedawca,16  gru,Pełny etat,Umowa o pracę,od 2 450 zł do 3 000 zł/mies.  brutto,https://www.olx.pl/oferta/restauracja-samoobslugowa-zatrudni-na-stanowisko-kasjer-sprzedawca-CID4-IDCTCmn.html#3a54b8d332
Restauracja samoobsługowa zatrudni Pomoc Kuchenną,"Kraków, Stare Miasto",Pełny etat,Umowa o pracę,,https://www.olx.pl/oferta/restauracja-samoobslugowa-zatrudni-pomoc-kuchenna-CID4-IDCTCdK.html#3a54b8d332
"Praca dla Kucharza, ul. Śniadeckich- sprawdź",16  gru,Pełny etat,Umowa o pracę,od 21 zł do 23 zł/godz.  brutto,https://www.olx.pl/oferta/praca-dla-kucharza-ul-sniadeckich-sprawdz-CID4-IDCTBRk.html#3a54b8d332
Pizzeria Biesiadowo. Poszukujemy Pizzermana,"Kraków, Krowodrza",Pełny etat,Umowa o pracę,,https://www.olx.pl/oferta/pizzeria-biesiadowo-poszukujemy-pizzermana-CID4-IDCsOaP.html#3a54b8d332
Kucharz i pizzer,16  gru,Pełny etat,Umowa o pracę,,https://www.olx.pl/oferta/kucharz-i-pizzer-CID4-IDCTuja.html#3a54b8d332
Restauracja Folga - Powiększamy Team :),"Kraków, Stare Miasto",Pełny etat,Umowa o pracę,,https://www.olx.pl/oferta/restauracja-folga-powiekszamy-team-CID4-IDCTmVD.html#3a54b8d332
Kelner/ka poszukujemy,16  gru,Pełny etat,Umowa o pracę,,https://www.olx.pl/oferta/kelner-ka-poszukujemy-CID4-IDCTitV.html#3a54b8d332
Kelner/ Kelnerka śniadaniowa,"Kraków, Stare Miasto",Pełny etat,Umowa o pracę,,https://www.olx.pl/oferta/kelner-kelnerka-sniadaniowa-CID4-IDCSPl5.html#3a54b8d332
Praca w restauracji McDonald's Galeria Krakowska poziom +1,16  gru,Pełny etat,Umowa o pracę,,https://www.olx.pl/oferta/praca-w-restauracji-mcdonalds-galeria-krakowska-poziom-1-CID4-IDkNORG.html#3a54b8d332
Kucharz Kazimierz- Kuchnia Domowa,"Kraków, Bronowice",Pełny etat,Umowa o pracę,od 20 zł do 24 zł/godz.  brutto,https://www.olx.pl/oferta/kucharz-kazimierz-kuchnia-domowa-CID4-IDCostW.html#3a54b8d332
"Pomoc Kuchenna, obieranie warzyw",16  gru,Pełny etat,Umowa o pracę,od 4 500 zł do 7 000 zł/mies.  brutto,https://www.olx.pl/oferta/pomoc-kuchenna-obieranie-warzyw-CID4-IDA1bQK.html#3a54b8d332
Restauracja Vanillasky w Hotelu Niebieski zatrudni kelnera/kę,"Kraków, Bronowice",Pełny etat,Umowa o pracę,od 3 300 zł do 3 500 zł/mies.  brutto,https://www.olx.pl/oferta/restauracja-vanillasky-w-hotelu-niebieski-zatrudni-kelnera-ke-CID4-IDBaDox.html#3a54b8d332
zatrudnimy pomoc kuchenna/zmywającą,16  gru,Pełny etat,Umowa o pracę,,https://www.olx.pl/oferta/zatrudnimy-pomoc-kuchenna-zmywajaca-CID4-IDCSg3X.html#3a54b8d332
16-18zł McDonald's -praca dla Ciebie,"Kraków, Stare Miasto",Pełny etat,Umowa o pracę,od 15 zł do 19 zł/godz.  brutto,https://www.olx.pl/oferta/16-18zl-mcdonalds-praca-dla-ciebie-CID4-IDCikZq.html#3a54b8d332
McDonald's- Praca dla studentów Kraków,16  gru,Pełny etat,Umowa o pracę,,https://www.olx.pl/oferta/mcdonalds-praca-dla-studentow-krakow-CID4-IDvVn5G.html#3a54b8d332
McDonald's Galeria Krakowska poziom +1 zatrudni pracowników zm. nocna,"Kraków, Łagiewniki-Borek Fałęcki",Niepełny etat,Umowa o pracę,,https://www.olx.pl/oferta/mcdonalds-galeria-krakowska-poziom-1-zatrudni-pracownikow-zm-nocna-CID4-IDkNKRO.html#3a54b8d332
Pracownik zmiany nocnej,16  gru,Pełny etat,Umowa o pracę,,https://www.olx.pl/oferta/pracownik-zmiany-nocnej-CID4-IDCAqxo.html#3a54b8d332
McDonald’s Pilotów Kraków - Pracownik Restauracj,"Kraków, Podgórze",Pełny etat,Umowa o pracę,14 zł/godz. brutto,https://www.olx.pl/oferta/mcdonalds-pilotow-krakow-pracownik-restauracj-CID4-IDCAqxg.html#3a54b8d332
Pracownik restauracji Kraków PKP,16  gru,Pełny etat,Umowa o pracę,od 16 zł do 18 zł/mies.  brutto,https://www.olx.pl/oferta/pracownik-restauracji-krakow-pkp-CID4-IDCAnOJ.html#3a54b8d332
Pracownik restauracji Kraków PKP,"Kraków, Dębniki",Niepełny etat,Umowa o pracę,od 15 zł do 19 zł/godz.  brutto,https://www.olx.pl/oferta/pracownik-restauracji-krakow-pkp-CID4-IDCAnOC.html#3a54b8d332
Kelner do restauracji o ustalonej renomie w centrum Krakowa,16  gru,Pełny etat,Umowa o pracę,od 17 zł do 20 zł/godz.  brutto,https://www.olx.pl/oferta/kelner-do-restauracji-o-ustalonej-renomie-w-centrum-krakowa-CID4-IDCRWsB.html#3a54b8d332;promoted
Point Frappe szuka ludzi z zakręconym poczuciem humoru :),"Kraków, Czyżyny",Pełny etat,Umowa o pracę,od 15 zł do 17 zł/godz.  brutto,https://www.olx.pl/oferta/point-frappe-szuka-ludzi-z-zakreconym-poczuciem-humoru-CID4-IDCAjal.html#3a54b8d332
Panią na zmywak,16  gru,Niepełny etat,Umowa o pracę,od 15 zł do 17 zł/godz.  brutto,https://www.olx.pl/oferta/pania-na-zmywak-CID4-IDC7peP.html#3a54b8d332
Restauracja Bazylia zatrudni kucharzy zmianowych (Nowy szef kuchni),"Kraków, Czyżyny",Pełny etat,Umowa o pracę,od 15 zł do 21 zł/godz.  brutto,https://www.olx.pl/oferta/restauracja-bazylia-zatrudni-kucharzy-zmianowych-nowy-szef-kuchni-CID4-IDthMpD.html#3a54b8d332
Restauracja w Centrum Krakowa zatrudni kelnera/kę,16  gru,Pełny etat,Umowa o pracę,od 15 zł do 19 zł/godz.  brutto,https://www.olx.pl/oferta/restauracja-w-centrum-krakowa-zatrudni-kelnera-ke-CID4-IDCCpeb.html#3a54b8d332
Kucharz do restauracji hotelowej,"Kraków, Podgórze",Niepełny etat,Umowa o pracę,od 5 000 zł do 6 000 zł/mies.  brutto,https://www.olx.pl/oferta/kucharz-do-restauracji-hotelowej-CID4-IDCMc6P.html#3a54b8d332
Praca w restauracja McDonald's ul.Grodzka 26 zarobki do 3000 brutto,"Kraków, Stare Miasto",Pełny etat,Umowa o pracę,od 2 500 zł do 4 000 zł/mies.  brutto,https://www.olx.pl/oferta/praca-w-restauracja-mcdonalds-ul-grodzka-26-zarobki-do-3000-brutto-CID4-IDCyWhh.html#5f24dc52c8;promoted
BIANCA Praca dla kucharza sekcja zimna - Wymagane doświadcznie,16  gru,Pełny etat,Umowa o pracę,25 zł/godz. brutto,https://www.olx.pl/oferta/bianca-praca-dla-kucharza-sekcja-zimna-wymagane-doswiadcznie-CID4-IDCRO1Y.html#5f24dc52c8
Pomoc do obierania warzyw i zmywania do firmy cateringowej,"Kraków, Stare Miasto",Pełny etat,Umowa o pracę,od 3 800 zł do 4 500 zł/mies.  brutto,https://www.olx.pl/oferta/pomoc-do-obierania-warzyw-i-zmywania-do-firmy-cateringowej-CID4-IDBCp3D.html#5f24dc52c8
"Kucharz, kucharka",wczoraj 15:38,Pełny etat,Umowa o pracę,od 24 zł do 27 zł/godz.  brutto,https://www.olx.pl/oferta/kucharz-kucharka-CID4-IDBKMUw.html#5f24dc52c8
Kierownik Zmiany/Kucharz,"Kraków, Stare Miasto",Pełny etat,Umowa o pracę,od 2 450 zł do 3 000 zł/mies.  brutto,https://www.olx.pl/oferta/kierownik-zmiany-kucharz-CID4-IDzTlXk.html#5f24dc52c8
"Pracownik restauracji na Weekend McDonalds Kraków Czyżyny 16,50 zł/god",17  gru,Pełny etat,Umowa o pracę,od 4 700 zł do 5 000 zł/mies.  brutto,https://www.olx.pl/oferta/pracownik-restauracji-na-weekend-mcdonalds-krakow-czyzyny-16-50-zl-god-CID4-IDCRBIL.html#5f24dc52c8
WORK&TRAVEL 2.0 |KUCHARZ| luksusowe rejsy po Europie | zarobki CH,"Kraków, Podgórze",Pełny etat,Umowa o pracę,14 zł/mies. brutto,https://www.olx.pl/oferta/work-travel-2-0-kucharz-luksusowe-rejsy-po-europie-zarobki-ch-CID4-IDAeODR.html#5f24dc52c8
zatrudnimy pracownika kadrowego z doświadczeniem,16  gru,Pełny etat,Umowa o pracę,,https://www.olx.pl/oferta/zatrudnimy-pracownika-kadrowego-z-doswiadczeniem-CID4-IDfNtZW.html#5f24dc52c8
Szef Kuchni - Kraków - Rynek Główny,"Kraków, Stare Miasto",Pełny etat,Umowa o pracę,,https://www.olx.pl/oferta/szef-kuchni-krakow-rynek-glowny-CID4-IDCRyvA.html#5f24dc52c8
kucharz,16  gru,Pełny etat,Umowa o pracę,od 16 zł do 18 zł/godz.  brutto,https://www.olx.pl/oferta/kucharz-CID4-IDCRj6j.html#5f24dc52c8;promoted
Kucharkę / Kucharza,"Kraków, Stare Miasto",Pełny etat,Umowa o pracę,,https://www.olx.pl/oferta/kucharke-kucharza-CID4-IDCRgyy.html#5f24dc52c8
Praca na Ruczaju,13  gru,Pełny etat,Umowa o pracę,,https://www.olx.pl/oferta/praca-na-ruczaju-CID4-IDCRgCH.html#5f24dc52c8
Kucharz praca w restauracji polskiej,"Kraków, Podgórze Duchackie",Pełny etat,Umowa o pracę,od 3 500 zł do 4 000 zł/mies.  brutto,https://www.olx.pl/oferta/kucharz-praca-w-restauracji-polskiej-CID4-IDCRbDU.html#5f24dc52c8
Pracownik zmiany nocnej,13  gru,Pełny etat,Umowa o pracę,,https://www.olx.pl/oferta/pracownik-zmiany-nocnej-CID4-IDCFz7k.html#5f24dc52c8
Pracownik restauracji McDonalds Pilotów,"Kraków, Stare Miasto",Pełny etat,Umowa o pracę,3 500 zł/mies. brutto,https://www.olx.pl/oferta/pracownik-restauracji-mcdonalds-pilotow-CID4-IDCFz76.html#5f24dc52c8
Pracownik restauracji Kraków Galeria Kazimierz,13  gru,Pełny etat,Umowa o pracę,,https://www.olx.pl/oferta/pracownik-restauracji-krakow-galeria-kazimierz-CID4-IDCztbD.html#5f24dc52c8
Cukiernik / cukierniczka,"Kraków, Prądnik Biały",Pełny etat,Umowa o pracę,,https://www.olx.pl/oferta/cukiernik-cukierniczka-CID4-IDCR9gV.html#5f24dc52c8
Zatrudnię kucharza lub pomoc kuchenną,13  gru,Pełny etat,Umowa o pracę,,https://www.olx.pl/oferta/zatrudnie-kucharza-lub-pomoc-kuchenna-CID4-IDCQ8Tv.html#5f24dc52c8
"Barmani, Barmanki...","Kraków, Czyżyny",Pełny etat,Umowa o pracę,16 zł/godz. brutto,https://www.olx.pl/oferta/barmani-barmanki-CID4-IDCR6c7.html#5f24dc52c8
Pizzer /Kucharz,13  gru,Pełny etat,Umowa o pracę,16 zł/godz. brutto,https://www.olx.pl/oferta/pizzer-kucharz-CID4-IDANGyK.html#5f24dc52c8;promoted
Pracownik Restauracji McDonald`s Bronowice koło Makro,"Kraków, Stare Miasto",Pełny etat,Umowa o pracę,,https://www.olx.pl/oferta/pracownik-restauracji-mcdonalds-bronowice-kolo-makro-CID4-IDCziso.html#5f24dc52c8
Restauracja zatrudni Kelnera,13  gru,Pełny etat,Umowa o pracę,,https://www.olx.pl/oferta/restauracja-zatrudni-kelnera-CID4-IDC0Sq7.html#5f24dc52c8
Pracownik restauracji (Weekendowy),"Kraków, Krowodrza",Pełny etat,Umowa o pracę,,https://www.olx.pl/oferta/pracownik-restauracji-weekendowy-CID4-IDCQVyW.html#5f24dc52c8
Praca od zaraz,13  gru,Pełny etat,Umowa o pracę,,https://www.olx.pl/oferta/praca-od-zaraz-CID4-IDCQTIH.html#5f24dc52c8
Qubus Hotel Kraków zatrudni Kucharza!,"Kraków, Bieńczyce",Pełny etat,Umowa o pracę,,https://www.olx.pl/oferta/qubus-hotel-krakow-zatrudni-kucharza-CID4-IDx6RSc.html#5f24dc52c8
Zatrudnimy kucharzy.,13  gru,Pełny etat,Umowa o pracę,,https://www.olx.pl/oferta/zatrudnimy-kucharzy-CID4-IDBqvKa.html#5f24dc52c8
Qubus Hotel Kraków zatrudni Pomoc Kuchenną!,"Kraków, Stare Miasto",Pełny etat,Umowa o pracę,,https://www.olx.pl/oferta/qubus-hotel-krakow-zatrudni-pomoc-kuchenna-CID4-IDCFcND.html#5f24dc52c8
Qubus Hotel Kraków zatrudni Kucharza Śniadaniowego!,13  gru,Niepełny etat,Umowa o pracę,15 zł/godz. brutto,https://www.olx.pl/oferta/qubus-hotel-krakow-zatrudni-kucharza-sniadaniowego-CID4-IDCFaeM.html#5f24dc52c8
Praca dla studentów od 17 zł do 20 zł,"Kraków, Stare Miasto",Pełny etat,Umowa o pracę,,https://www.olx.pl/oferta/praca-dla-studentow-od-17-zl-do-20-zl-CID4-IDCL8zc.html#5f24dc52c8
Kucharz / kucharka sekcja zimna - restauracja Trattoria Degusti!,12  gru,Pełny etat,Umowa o pracę,,https://www.olx.pl/oferta/kucharz-kucharka-sekcja-zimna-restauracja-trattoria-degusti-CID4-IDzyIAD.html#5f24dc52c8
Kierownik Zaplecze Kuchni w PURO Kraków Kazimierz,"Kraków, Grzegórzki",Pełny etat,Umowa o pracę,,https://www.olx.pl/oferta/kierownik-zaplecze-kuchni-w-puro-krakow-kazimierz-CID4-IDCL7RM.html#5f24dc52c8
Pracownik Zmiana Nocna McDonalds Kraków ul. Wielicka 85,12  gru,Pełny etat,Umowa o pracę,,https://www.olx.pl/oferta/pracownik-zmiana-nocna-mcdonalds-krakow-ul-wielicka-85-CID4-IDCQJqZ.html#5f24dc52c8
Restauracja w Rynku Głównym zatrudni kelnera/kelnerkę,"Kraków, Dębniki",Pełny etat,Umowa o pracę,,https://www.olx.pl/oferta/restauracja-w-rynku-glownym-zatrudni-kelnera-kelnerke-CID4-IDrHxvW.html#5f24dc52c8
Szef Kuchni - Trener Kulinarny (Akademia Inspiracji MAKRO w Krakowie),12  gru,Dodatkowa / sezonowa,Umowa o pracę,od 17 zł do 20 zł/godz.  brutto,https://www.olx.pl/oferta/szef-kuchni-trener-kulinarny-akademia-inspiracji-makro-w-krakowie-CID4-IDBZacC.html#5f24dc52c8
Kelner śniadaniowy - Restauracja Trattoria Degusti (k/m),"Kraków, Podgórze",Pełny etat,Umowa o pracę,,https://www.olx.pl/oferta/kelner-sniadaniowy-restauracja-trattoria-degusti-k-m-CID4-IDB28rK.html#5f24dc52c8
"Kelner śniadaniowy - 4* hotel na Kazimierzu, Kraków",12  gru,Pełny etat,Umowa o pracę,,https://www.olx.pl/oferta/kelner-sniadaniowy-4-hotel-na-kazimierzu-krakow-CID4-IDzTdUi.html#5f24dc52c8
Kelner / Kelnerka - Kazimierz,"Kraków, Prądnik Czerwony",Pełny etat,Umowa o pracę,16 zł/godz. brutto,https://www.olx.pl/oferta/kelner-kelnerka-kazimierz-CID4-IDm8wZk.html#5f24dc52c8
Pracownik Restauracji McDonalds Kraków Czyżyny 3000 brutto miesięcznie,12  gru,Pełny etat,Umowa o pracę,,https://www.olx.pl/oferta/pracownik-restauracji-mcdonalds-krakow-czyzyny-3000-brutto-miesiecznie-CID4-IDCQDzH.html#5f24dc52c8;promoted
Shisha Club by Bollywood zatrudni kelnerow barmanów,"Kraków, Prądnik Czerwony",Pełny etat,Umowa o pracę,,https://www.olx.pl/oferta/shisha-club-by-bollywood-zatrudni-kelnerow-barmanow-CID4-IDBSwzD.html#5f24dc52c8
Osoba do zmywania naczyń,"Kraków, Bieżanów-Prokocim",Pełny etat,Umowa o pracę,od 3 000 zł do 4 500 zł/mies.  brutto,https://www.olx.pl/oferta/osoba-do-zmywania-naczyn-CID4-IDCTFph.html#aec01974cd;promoted
Zmywak Restauracja w galerii Bronowice,17  gru,Pełny etat,Umowa o pracę,2 500 zł/mies. brutto,https://www.olx.pl/oferta/zmywak-restauracja-w-galerii-bronowice-CID4-IDvoWSO.html#aec01974cd;promoted
Pracownik Zmiany Nocnej McDonalds Kraków Czyżyny,"Kraków, Stare Miasto",Pełny etat,Umowa o pracę,,https://www.olx.pl/oferta/pracownik-zmiany-nocnej-mcdonalds-krakow-czyzyny-CID4-IDCzXn0.html#aec01974cd;promoted
Steak Burger Grodzka 6 zatrudni barmana,16  gru,Niepełny etat,Umowa o pracę,od 15 zł do 18 zł/godz.  brutto,https://www.olx.pl/oferta/steak-burger-grodzka-6-zatrudni-barmana-CID4-IDCQiH6.html#aec01974cd
Kucharz,"Kraków, Bronowice",Pełny etat,Umowa o pracę,od 3 000 zł do 3 500 zł/mies.  brutto,https://www.olx.pl/oferta/kucharz-CID4-IDCfnlh.html#aec01974cd
Pomoc Kuchenna,16  gru,Pełny etat,Umowa o pracę,od 19 zł do 20 zł/godz.  brutto,https://www.olx.pl/oferta/pomoc-kuchenna-CID4-IDBOQHo.html#aec01974cd
Zatrudnimy pomoc kuchenną,"Kraków, Stare Miasto",Pełny etat,Umowa o pracę,,https://www.olx.pl/oferta/zatrudnimy-pomoc-kuchenna-CID4-IDBkjry.html#aec01974cd
Barman/barista - zatrudnimy w restauracji w centrum Krakowa,wczoraj 12:50,Pełny etat,Umowa o pracę,2 800 zł/mies. brutto,https://www.olx.pl/oferta/barman-barista-zatrudnimy-w-restauracji-w-centrum-krakowa-CID4-IDCKJ9w.html#aec01974cd
Kucharz/pomoc kuchenna - catering dietetyczny wegański,"Kraków, Czyżyny",Pełny etat,Umowa o pracę,,https://www.olx.pl/oferta/kucharz-pomoc-kuchenna-catering-dietetyczny-weganski-CID4-IDCLi80.html#aec01974cd
Restauracja śródziemnomorska zatrudni Kucharza,17  gru,Pełny etat,Umowa o pracę,,https://www.olx.pl/oferta/restauracja-srodziemnomorska-zatrudni-kucharza-CID4-IDCdvP3.html#aec01974cd;promoted
Pomoc kuchenna,"Kraków, Krowodrza",Pełny etat,Umowa o pracę,,https://www.olx.pl/oferta/pomoc-kuchenna-CID4-IDAtrTn.html#aec01974cd
Promotorów zatrudnię.,11  gru,Pełny etat,Umowa o pracę,,https://www.olx.pl/oferta/promotorow-zatrudnie-CID4-IDzvZIJ.html#aec01974cd
Restauracja indyjska zatrudni kelnera/kę,"Kraków, Stare Miasto",Pełny etat,Umowa o pracę,,https://www.olx.pl/oferta/restauracja-indyjska-zatrudni-kelnera-ke-CID4-IDzCqZS.html#aec01974cd
"Kelner śniadaniowy, kelner",11  gru,Pełny etat,Umowa o pracę,,https://www.olx.pl/oferta/kelner-sniadaniowy-kelner-CID4-IDCm5MF.html#aec01974cd
Kucharz,"Kraków, Stare Miasto",Niepełny etat,Umowa o pracę,,https://www.olx.pl/oferta/kucharz-CID4-IDC3wV3.html#aec01974cd
"Kucharzy, Grilowych- SIOUX Rynek",11  gru,Pełny etat,Umowa o pracę,,https://www.olx.pl/oferta/kucharzy-grilowych-sioux-rynek-CID4-IDtzuWJ.html#aec01974cd
Pomoc kuchenna/zmywak,"Kraków, Stare Miasto",Pełny etat,Umowa o pracę,,https://www.olx.pl/oferta/pomoc-kuchenna-zmywak-CID4-IDz3v8o.html#aec01974cd
Restauracja przyjmie do pracy,11  gru,Pełny etat,Umowa o pracę,od 3 000 zł do 5 000 zł/mies.  brutto,https://www.olx.pl/oferta/restauracja-przyjmie-do-pracy-CID4-IDCPSZA.html#aec01974cd
Kucharz/ młodszy kucharz,"Kraków, Stare Miasto",Pełny etat,Umowa o pracę,od 15 zł do 19 zł/godz.  brutto,https://www.olx.pl/oferta/kucharz-mlodszy-kucharz-CID4-IDAWirR.html#aec01974cd
Pracownik restauracji McDonald`s PKP,11  gru,Pełny etat,Umowa o pracę,od 2 500 zł do 3 000 zł/mies.  brutto,https://www.olx.pl/oferta/pracownik-restauracji-mcdonalds-pkp-CID4-IDCxWxM.html#aec01974cd
Kucharz-Polska Kuchnia,"Kraków, Bronowice",Pełny etat,Umowa o pracę,,https://www.olx.pl/oferta/kucharz-polska-kuchnia-CID4-IDz0koR.html#aec01974cd
Kierownik zmiany. (restauracje sushi TAO),11  gru,Pełny etat,Umowa o pracę,,https://www.olx.pl/oferta/kierownik-zmiany-restauracje-sushi-tao-CID4-IDCPojr.html#aec01974cd
Barista w McDonald’s,"Kraków, Bieżanów-Prokocim",Pełny etat,Umowa o pracę,od 16 zł do 18 zł/mies.  brutto,https://www.olx.pl/oferta/barista-w-mcdonalds-CID4-IDCxlfo.html#aec01974cd
Pracownik zmiany nocnej w McDonald’s,11  gru,Pełny etat,Umowa o pracę,od 2 000 zł do 5 000 zł/mies.  brutto,https://www.olx.pl/oferta/pracownik-zmiany-nocnej-w-mcdonalds-CID4-IDCxlf8.html#aec01974cd
Kierownik Zmiany- menadżer w restauracji McDonald`s,"Kraków, Prądnik Czerwony",Pełny etat,Umowa o pracę,od 3 400 zł do 6 000 zł/mies.  brutto,https://www.olx.pl/oferta/kierownik-zmiany-menadzer-w-restauracji-mcdonalds-CID4-IDCxjni.html#aec01974cd
Lider Gościnności w McDonald`s,11  gru,Pełny etat,Umowa o pracę,,https://www.olx.pl/oferta/lider-goscinnosci-w-mcdonalds-CID4-IDCxjnt.html#aec01974cd
Pracownik restauracji McDonald`s Kraków Śliwiaka,"Kraków, Stare Miasto",Pełny etat,Umowa o pracę,,https://www.olx.pl/oferta/pracownik-restauracji-mcdonalds-krakow-sliwiaka-CID4-IDCxjn1.html#aec01974cd
BARMAN Restauracja Zielonym Do Góry/Lwowska 1,11  gru,Pełny etat,Umowa o pracę,,https://www.olx.pl/oferta/barman-restauracja-zielonym-do-gory-lwowska-1-CID4-IDC2wXI.html#aec01974cd
Kelnerka/Kelner Hotel ***,"Kraków, Stare Miasto",Pełny etat,Umowa o pracę,,https://www.olx.pl/oferta/kelnerka-kelner-hotel-CID4-IDCPgRl.html#aec01974cd
Kucharza zatrudni restauracja polsko-włoska w Krakowie ( Ruczaj ),11  gru,Pełny etat,Umowa o pracę,,https://www.olx.pl/oferta/kucharza-zatrudni-restauracja-polsko-wloska-w-krakowie-ruczaj-CID4-IDz6B0t.html#aec01974cd
Pracownik restauracji McDonald`s PKP,"Kraków, Stare Miasto",Pełny etat,Umowa o pracę,15 zł/mies. brutto,https://www.olx.pl/oferta/pracownik-restauracji-mcdonalds-pkp-CID4-IDCx8F0.html#aec01974cd
Pomoc kuchenna/Kucharz - stołówka w centrum Krakowa.,11  gru,Pełny etat,Umowa o pracę,,https://www.olx.pl/oferta/pomoc-kuchenna-kucharz-stolowka-w-centrum-krakowa-CID4-IDCzfjQ.html#aec01974cd
zatrudnię KUCHARZA/ kawiarnia Akwarium Lea,"Kraków, Dębniki",Pełny etat,Umowa o pracę,,https://www.olx.pl/oferta/zatrudnie-kucharza-kawiarnia-akwarium-lea-CID4-IDBqjIs.html#aec01974cd
Pracownik restauracji McDonald`s PKP,11  gru,Pełny etat,Umowa o pracę,od 16 zł do 18 zł/mies.  brutto,https://www.olx.pl/oferta/pracownik-restauracji-mcdonalds-pkp-CID4-IDCx1z6.html#aec01974cd
Kucharz / Restauracja Samoobsługowa,"Kraków, Stare Miasto",Pełny etat,Umowa o pracę,od 2 600 zł do 3 000 zł/mies.  brutto,https://www.olx.pl/oferta/kucharz-restauracja-samoobslugowa-CID4-IDx15Fv.html#aec01974cd
Asystent Ogólny- Zmywanie naczyń / Restauracja Samoobsługowa,11  gru,Pełny etat,Umowa o pracę,,https://www.olx.pl/oferta/asystent-ogolny-zmywanie-naczyn-restauracja-samoobslugowa-CID4-IDxGYlB.html#aec01974cd
pomoc kucharza,"Kraków, Bieńczyce",Pełny etat,Umowa o pracę,od 16 zł do 18 zł/mies.  brutto,https://www.olx.pl/oferta/pomoc-kucharza-CID4-IDCP3Ns.html#aec01974cd
Kucharz (m / k) - hotel Vienna House Easy,11  gru,Pełny etat,Umowa o pracę,,https://www.olx.pl/oferta/kucharz-m-k-hotel-vienna-house-easy-CID4-IDiJyTx.html#aec01974cd
Praca zmywak,"Kraków, Prądnik Czerwony",Pełny etat,Umowa o pracę,,https://www.olx.pl/oferta/praca-zmywak-CID4-IDCm9uD.html#aec01974cd
Praca w Doner King Kraków,11  gru,Niepełny etat,Umowa o pracę,,https://www.olx.pl/oferta/praca-w-doner-king-krakow-CID4-IDCGbpA.html#aec01974cd
Queen Boutique Hotel zatrudni kelnera lub kelnerkę śniadaniową,"Kraków, Grzegórzki",Pełny etat,Umowa o pracę,,https://www.olx.pl/oferta/queen-boutique-hotel-zatrudni-kelnera-lub-kelnerke-sniadaniowa-CID4-IDCCp1I.html#aec01974cd
Pizzer /Kucharz,"Kraków, Podgórze",Pełny etat,Umowa o pracę,od 3 000 zł do 5 000 zł/mies.  brutto,https://www.olx.pl/oferta/pizzer-kucharz-CID4-IDANGyK.html#894c58ffe1;promoted
Restauracja śródziemnomorska zatrudni Kucharza,17  gru,Pełny etat,Umowa o pracę,,https://www.olx.pl/oferta/restauracja-srodziemnomorska-zatrudni-kucharza-CID4-IDCdvP3.html#894c58ffe1;promoted
Kucharz z pasją,"Kraków, Czyżyny",Pełny etat,Umowa o pracę,,https://www.olx.pl/oferta/kucharz-z-pasja-CID4-IDCOwkv.html#894c58ffe1
Kucharz do Hotelu 3 *** w Krakowie,12  gru,Niepełny etat,Umowa o pracę,od 14 zł do 18 zł/mies.  brutto,https://www.olx.pl/oferta/kucharz-do-hotelu-3-w-krakowie-CID4-IDCmF9E.html#894c58ffe1
Kuchnia to nasza pasja POSZUKIWANY SUSHI MASTER,"Kraków, Bieżanów-Prokocim",Pełny etat,Umowa o pracę,od 28 zł do 29 zł/mies.  brutto,https://www.olx.pl/oferta/kuchnia-to-nasza-pasja-poszukiwany-sushi-master-CID4-IDCOrNA.html#894c58ffe1
Restauracja włoska zatrudni pizzera z doświadczeniem,11  gru,Pełny etat,Umowa o pracę,od 4 000 zł do 6 000 zł/mies.  brutto,https://www.olx.pl/oferta/restauracja-wloska-zatrudni-pizzera-z-doswiadczeniem-CID4-IDCOnYa.html#894c58ffe1
Kuchnia to nasza pasja POSZUKIWANY KUCHARZA,"Kraków, Grzegórzki",Pełny etat,Umowa o pracę,,https://www.olx.pl/oferta/kuchnia-to-nasza-pasja-poszukiwany-kucharza-CID4-IDCM9r5.html#894c58ffe1
Kasjer-bufetowa,wczoraj 11:02,Pełny etat,Umowa o pracę,,https://www.olx.pl/oferta/kasjer-bufetowa-CID4-IDCOhR5.html#894c58ffe1
"Włoska restauracja zatrudni kelnerki, kelnerów.","Kraków, Podgórze",Pełny etat,Umowa o pracę,,https://www.olx.pl/oferta/wloska-restauracja-zatrudni-kelnerki-kelnerow-CID4-IDCOgWG.html#894c58ffe1
Bar Kraków Zabłocie,wczoraj 14:56,Pełny etat,Umowa o pracę,,https://www.olx.pl/oferta/bar-krakow-zablocie-CID4-IDwtNWP.html#894c58ffe1
Pomoc kucharza Kurdwanów,"Kraków, Stare Miasto",Pełny etat,Umowa o pracę,,https://www.olx.pl/oferta/pomoc-kucharza-kurdwanow-CID4-IDCOdbd.html#894c58ffe1
Wydawanie posiłkow w Pijalni,9  gru,Niepełny etat,Umowa o pracę,,https://www.olx.pl/oferta/wydawanie-posilkow-w-pijalni-CID4-IDAkh80.html#894c58ffe1
Kelner - Barman,"Kraków, Dębniki",Pełny etat,Umowa o pracę,,https://www.olx.pl/oferta/kelner-barman-CID4-IDCJqBw.html#894c58ffe1
Pizzer,9  gru,Pełny etat,Umowa o pracę,,https://www.olx.pl/oferta/pizzer-CID4-IDCNwjE.html#894c58ffe1
Restauracja zatrudni Kucharza,"Kraków, Podgórze",Pełny etat,Umowa o pracę,,https://www.olx.pl/oferta/restauracja-zatrudni-kucharza-CID4-IDAGJx6.html#894c58ffe1
Pizzer / Pizzaiolo / Pizzamaker,9  gru,Pełny etat,Umowa o pracę,,https://www.olx.pl/oferta/pizzer-pizzaiolo-pizzamaker-CID4-IDCN708.html#894c58ffe1
Kelner / Barman,"Kraków, Stare Miasto",Niepełny etat,Umowa o pracę,od 16 zł do 19 zł/godz.  brutto,https://www.olx.pl/oferta/kelner-barman-CID4-IDCN6EG.html#894c58ffe1
Kelner Wysokie napiwki,9  gru,Pełny etat,Umowa o pracę,,https://www.olx.pl/oferta/kelner-wysokie-napiwki-CID4-IDCMdxc.html#894c58ffe1
Obsługa klienta lunch bar,"Kraków, Podgórze",Pełny etat,Umowa o pracę,od 4 800 zł do 7 000 zł/mies.  brutto,https://www.olx.pl/oferta/obsluga-klienta-lunch-bar-CID4-IDCM9pg.html#894c58ffe1
Restauracja Pasjo zatrudni barmana/baristę,9  gru,Pełny etat,Umowa o pracę,od 4 000 zł do 5 500 zł/mies.  brutto,https://www.olx.pl/oferta/restauracja-pasjo-zatrudni-barmana-bariste-CID4-IDAWZa5.html#894c58ffe1
zatrudnię do gastronomii,"Kraków, Łagiewniki-Borek Fałęcki",Pełny etat,Umowa o pracę,,https://www.olx.pl/oferta/zatrudnie-do-gastronomii-CID4-IDzVNWg.html#894c58ffe1
Kucharza zatrudni 4*Hotel z Wieliczki,9  gru,Pełny etat,Umowa o pracę,2 600 zł/mies. brutto,https://www.olx.pl/oferta/kucharza-zatrudni-4hotel-z-wieliczki-CID4-IDyxfyI.html#894c58ffe1
Kelnera zatrudni 4* Hotel w Wieliczce,"Kraków, Bieżanów-Prokocim",Pełny etat,Umowa o pracę,,https://www.olx.pl/oferta/kelnera-zatrudni-4-hotel-w-wieliczce-CID4-IDfzMQT.html#894c58ffe1
KELNER Restauracja Zielonym Do Góry/Aparthotel Lwowska 1,9  gru,Pełny etat,Umowa o pracę,od 3 000 zł do 4 500 zł/mies.  brutto,https://www.olx.pl/oferta/kelner-restauracja-zielonym-do-gory-aparthotel-lwowska-1-CID4-IDC2wmj.html#894c58ffe1
Praca w kuchni,"Kraków, Podgórze",Pełny etat,Umowa o pracę,,https://www.olx.pl/oferta/praca-w-kuchni-CID4-IDzESEX.html#894c58ffe1
"Praca w Handelek Sniadaniownia i Chleb, wino i deski",9  gru,Pełny etat,Umowa o pracę,,https://www.olx.pl/oferta/praca-w-handelek-sniadaniownia-i-chleb-wino-i-deski-CID4-IDA7knd.html#894c58ffe1
Pomocnik pizzera Weekendy,"Kraków, Podgórze Duchackie",Pełny etat,Umowa o pracę,od 3 100 zł do 3 800 zł/mies.  brutto,https://www.olx.pl/oferta/pomocnik-pizzera-weekendy-CID4-IDzzy7f.html#894c58ffe1
McDonald's Galeria Krakowska(zmiana nocna) poziom - 1 ul. Pawia,9  gru,Pełny etat,Umowa o pracę,,https://www.olx.pl/oferta/mcdonalds-galeria-krakowskazmiana-nocna-poziom-1-ul-pawia-CID4-IDvCZXc.html#894c58ffe1
Praca Kebab 21zł\h,"Kraków, Stare Miasto",Pełny etat,Umowa o pracę,od 14 zł do 17 zł/godz.  brutto,https://www.olx.pl/oferta/praca-kebab-21zl-h-CID4-IDCfnt5.html#894c58ffe1
Etat Barista/Sprzedawca/Kelner Nakielny Kawa i Wypieki KrólowejJadwigi,9  gru,Dodatkowa / sezonowa,Umowa o pracę,od 15 zł do 20 zł/godz.  brutto,https://www.olx.pl/oferta/etat-barista-sprzedawca-kelner-nakielny-kawa-i-wypieki-krolowejjadwigi-CID4-IDsVcvw.html#894c58ffe1
Trattoria Cichy Kącik zatrudni Pizzera,"Kraków, Grzegórzki",Niepełny etat,Umowa o pracę,od 15 zł do 18 zł/godz.  brutto,https://www.olx.pl/oferta/trattoria-cichy-kacik-zatrudni-pizzera-CID4-IDCLDYl.html#894c58ffe1
Restauracja na krakowskim Kazimierzu zatrudni kelnerkę /kelnera!,8  gru,Pełny etat,Umowa o pracę,od 3 000 zł do 4 000 zł/mies.  brutto,https://www.olx.pl/oferta/restauracja-na-krakowskim-kazimierzu-zatrudni-kelnerke-kelnera-CID4-IDCLCA3.html#894c58ffe1
Trattoria Cichy Kącik zatrudni Pizzera,"Kraków, Łagiewniki-Borek Fałęcki",Niepełny etat,Umowa o pracę,,https://www.olx.pl/oferta/trattoria-cichy-kacik-zatrudni-pizzera-CID4-IDvSWil.html#894c58ffe1
Stołówka zatrudni pomoc kuchenną PILNIE,8  gru,Pełny etat,Umowa o pracę,,https://www.olx.pl/oferta/stolowka-zatrudni-pomoc-kuchenna-pilnie-CID4-IDCLiME.html#894c58ffe1
"Cukiernia zatrudni osobę do mycia, Pomoc cukiernika zmywak","Kraków, Krowodrza",Pełny etat,Umowa o pracę,od 4 000 zł do 6 000 zł/mies.  brutto,https://www.olx.pl/oferta/cukiernia-zatrudni-osobe-do-mycia-pomoc-cukiernika-zmywak-CID4-IDCL76p.html#894c58ffe1
Zatrudnimy MŁODSZEGO KUCHARZA do kuchni cateringowej,8  gru,Pełny etat,Umowa o pracę,,https://www.olx.pl/oferta/zatrudnimy-mlodszego-kucharza-do-kuchni-cateringowej-CID4-IDzjzvC.html#894c58ffe1
Hotel Golden Tulip Kraków Kazimierz zatrudni KELNERÓW śniadaniowych,"Kraków, Stare Miasto",Pełny etat,Umowa o pracę,,https://www.olx.pl/oferta/hotel-golden-tulip-krakow-kazimierz-zatrudni-kelnerow-sniadaniowych-CID4-IDCKuaA.html#894c58ffe1
Hotel Golden Tulip Kraków Kazimierz zatrudni KELNERA/KELNERKĘ,7  gru,Pełny etat,Umowa o pracę,,https://www.olx.pl/oferta/hotel-golden-tulip-krakow-kazimierz-zatrudni-kelnera-kelnerke-CID4-IDCKu37.html#894c58ffe1
Hotel Golden Tulip Kraków Kazimierz zatrudni BARMANA,"Kraków, Stare Miasto",Pełny etat,Umowa o pracę,,https://www.olx.pl/oferta/hotel-golden-tulip-krakow-kazimierz-zatrudni-barmana-CID4-IDCKtUT.html#894c58ffe1
"Kucharz wydawkowy, do przyuczenia",7  gru,Pełny etat,Umowa o pracę,,https://www.olx.pl/oferta/kucharz-wydawkowy-do-przyuczenia-CID4-IDCKreB.html#894c58ffe1
Kasjer/ka - Bufetowy/a - Kraków al. Jana Pawła II,"Kraków, Stare Miasto",Pełny etat,Umowa o pracę,,https://www.olx.pl/oferta/kasjer-ka-bufetowy-a-krakow-al-jana-pawla-ii-CID4-IDAi7iv.html#894c58ffe1
Lider Gościnności,"Kraków, Stare Miasto",Pełny etat,Umowa o pracę,od 4 500 zł do 7 000 zł/mies.  brutto,https://www.olx.pl/oferta/lider-goscinnosci-CID4-IDCyvP7.html#7a30b0d009;promoted
Zatrudnimy barmana!,wczoraj 12:16,Pełny etat,Umowa o pracę,od 2 200 zł do 2 600 zł/mies.  brutto,https://www.olx.pl/oferta/zatrudnimy-barmana-CID4-IDCJSxT.html#7a30b0d009
kucharza zmianowego/ młodszego kucharza do przyuczenia,"Kraków, Krowodrza",Pełny etat,Umowa o pracę,,https://www.olx.pl/oferta/kucharza-zmianowego-mlodszego-kucharza-do-przyuczenia-CID4-IDCFa1H.html#7a30b0d009
Praca dla Kucharza,17  gru,Pełny etat,Umowa o pracę,od 4 300 zł do 5 500 zł/mies.  brutto,https://www.olx.pl/oferta/praca-dla-kucharza-CID4-IDB52K3.html#7a30b0d009
Pizzer,"Kraków, Bieżanów-Prokocim",Pełny etat,Umowa o pracę,od 16 zł do 19 zł/godz.  brutto,https://www.olx.pl/oferta/pizzer-CID4-IDCEUfn.html#7a30b0d009
Osoby do produkcji pierogów chinkali,17  gru,Pełny etat,Umowa o pracę,,https://www.olx.pl/oferta/osoby-do-produkcji-pierogow-chinkali-CID4-IDCJMJb.html#7a30b0d009
Osoby na stanowisko obsługi klienta do Vege Station Galeria Krakowska,"Kraków, Prądnik Biały",Pełny etat,Umowa o pracę,od 2 500 zł do 9 999 zł/mies.  brutto,https://www.olx.pl/oferta/osoby-na-stanowisko-obslugi-klienta-do-vege-station-galeria-krakowska-CID4-IDBBNJg.html#7a30b0d009
Restauracja Amarylis prowadzi rekrutację na stanowisko Sous chefa,17  gru,Pełny etat,Umowa o pracę,od 4 000 zł do 4 500 zł/mies.  brutto,https://www.olx.pl/oferta/restauracja-amarylis-prowadzi-rekrutacje-na-stanowisko-sous-chefa-CID4-IDCJJiW.html#7a30b0d009
Restauracja Amarylis zatrudni kelnera lub kelnerkę z doświadczeniem,"Kraków, Podgórze",Pełny etat,Umowa o pracę,,https://www.olx.pl/oferta/restauracja-amarylis-zatrudni-kelnera-lub-kelnerke-z-doswiadczeniem-CID4-IDCJIqY.html#7a30b0d009
"Kucharz - do przyuczenia, restauracja na starym mieście",wczoraj 15:10,Pełny etat,Umowa o pracę,od 3 000 zł do 4 000 zł/mies.  brutto,https://www.olx.pl/oferta/kucharz-do-przyuczenia-restauracja-na-starym-miescie-CID4-IDCJEAt.html#7a30b0d009
Kelnerki/kelnerzy do lokalu w sercu Krakowa,"Kraków, Stare Miasto",Pełny etat,Umowa o pracę,,https://www.olx.pl/oferta/kelnerki-kelnerzy-do-lokalu-w-sercu-krakowa-CID4-IDCJz9K.html#7a30b0d009
Kucharz / Młodszy kucharz,4  gru,Pełny etat,Umowa o pracę,,https://www.olx.pl/oferta/kucharz-mlodszy-kucharz-CID4-IDAWFSy.html#7a30b0d009
Zatrudnie kelnerkę/kelnera do Restauracji,"Kraków, Krowodrza",Pełny etat,Umowa o pracę,,https://www.olx.pl/oferta/zatrudnie-kelnerke-kelnera-do-restauracji-CID4-IDAmkrI.html#7a30b0d009
Restauracja zatrudni kucharza,4  gru,Pełny etat,Umowa o pracę,,https://www.olx.pl/oferta/restauracja-zatrudni-kucharza-CID4-IDCJsmE.html#7a30b0d009
Barman-Barista,"Kraków, Grzegórzki",Pełny etat,Umowa o pracę,,https://www.olx.pl/oferta/barman-barista-CID4-IDCJmEk.html#7a30b0d009
Kucharz z Doświadczeniem,4  gru,Pełny etat,Umowa o pracę,5 000 zł/mies. brutto,https://www.olx.pl/oferta/kucharz-z-doswiadczeniem-CID4-IDCJgtA.html#7a30b0d009
Zatrudnimy kelnerkę-pomoc kuchenną. Da Grasso Ruczaj,"Kraków, Stare Miasto",Pełny etat,Umowa o pracę,,https://www.olx.pl/oferta/zatrudnimy-kelnerke-pomoc-kuchenna-da-grasso-ruczaj-CID4-IDw8hAw.html#7a30b0d009
Barmana lub Barmankę - RESTAURACJA SZARA,4  gru,Pełny etat,Umowa o pracę,od 4 000 zł do 5 000 zł/mies.  brutto,https://www.olx.pl/oferta/barmana-lub-barmanke-restauracja-szara-CID4-IDCIIuD.html#7a30b0d009
Kierownik Zmiany- menadżer w restauracji McDonald`s,"Kraków, Stare Miasto",Pełny etat,Umowa o pracę,od 4 000 zł do 4 500 zł/mies.  brutto,https://www.olx.pl/oferta/kierownik-zmiany-menadzer-w-restauracji-mcdonalds-CID4-IDCzSxz.html#7a30b0d009
Kucharza/pomoc kuchenną zatrudnimy,3  gru,Pełny etat,Umowa o pracę,,https://www.olx.pl/oferta/kucharza-pomoc-kuchenna-zatrudnimy-CID4-IDw3pKW.html#7a30b0d009
Praca w wina.pl,"Kraków, Stare Miasto",Pełny etat,Umowa o pracę,od 4 000 zł do 6 000 zł/mies.  brutto,https://www.olx.pl/oferta/praca-w-wina-pl-CID4-IDvGH1e.html#7a30b0d009
Kucharz do hotelu,3  gru,Niepełny etat,Umowa o pracę,,https://www.olx.pl/oferta/kucharz-do-hotelu-CID4-IDyGskj.html#7a30b0d009
KIEROWCA - DOSTAWCA ŻYWNOŚCI/ Restauracja włoska Grzegórzki,"Kraków, Stare Miasto",Pełny etat,Umowa o pracę,,https://www.olx.pl/oferta/kierowca-dostawca-zywnosci-restauracja-wloska-grzegorzki-CID4-IDtQoW1.html#7a30b0d009
Burgermeister/obsługa klienta w Beef Burger Bar,3  gru,Pełny etat,Umowa o pracę,od 19 zł do 25 zł/godz.  brutto,https://www.olx.pl/oferta/burgermeister-obsluga-klienta-w-beef-burger-bar-CID4-IDAourp.html#7a30b0d009
Panią na zmywak,"Kraków, Stare Miasto",Pełny etat,Umowa o pracę,,https://www.olx.pl/oferta/pania-na-zmywak-CID4-IDzCLIy.html#7a30b0d009
Kebab dla doświadczonych - Stare Miasto,3  gru,Pełny etat,Umowa o pracę,,https://www.olx.pl/oferta/kebab-dla-doswiadczonych-stare-miasto-CID4-IDCHhWu.html#7a30b0d009
"KELNERKA, praca w restauracji w centrum Krakowa","Kraków, Stare Miasto",Pełny etat,Umowa o pracę,,https://www.olx.pl/oferta/kelnerka-praca-w-restauracji-w-centrum-krakowa-CID4-IDBeavj.html#7a30b0d009
Praca w Restauracji na stanowisku- KUCHARZ,3  gru,Pełny etat,Umowa o pracę,,https://www.olx.pl/oferta/praca-w-restauracji-na-stanowisku-kucharz-CID4-IDCdxq9.html#7a30b0d009
Praca w Restauracji na stanowisku- PIZZER,"Kraków, Stare Miasto",Pełny etat,Umowa o pracę,od 18 zł do 24 zł/godz.  brutto,https://www.olx.pl/oferta/praca-w-restauracji-na-stanowisku-pizzer-CID4-IDBhBre.html#7a30b0d009;promoted
Pomoc kuchenna,3  gru,Niepełny etat,Umowa o pracę,od 11 zł do 12 zł/godz.  brutto,https://www.olx.pl/oferta/pomoc-kuchenna-CID4-IDCACvl.html#7a30b0d009
Szef Kuchni do Bistro,"Kraków, Stare Miasto",Pełny etat,Umowa o pracę,,https://www.olx.pl/oferta/szef-kuchni-do-bistro-CID4-IDCGxCo.html#7a30b0d009
Kelner/kelnerka poszukiwani,3  gru,Pełny etat,Umowa o pracę,,https://www.olx.pl/oferta/kelner-kelnerka-poszukiwani-CID4-IDA5vI7.html#7a30b0d009
Pizzeria w Nowej Hucie zatrudni osobę na stanowisko PIZZER/PIZZAIOLO,"Kraków, Dębniki",Pełny etat,Umowa o pracę,,https://www.olx.pl/oferta/pizzeria-w-nowej-hucie-zatrudni-osobe-na-stanowisko-pizzer-pizzaiolo-CID4-IDCGnSb.html#7a30b0d009
Uśmiechnięty Kelner/ka - praca stała,3  gru,Pełny etat,Umowa o pracę,,https://www.olx.pl/oferta/usmiechniety-kelner-ka-praca-stala-CID4-IDAz8jD.html#7a30b0d009
Kelnerkę śniadaniową/kelnera do 4*Hotelu z Wieliczki,"Kraków, Grzegórzki",Pełny etat,Umowa o pracę,od 3 500 zł do 4 000 zł/mies.  brutto,https://www.olx.pl/oferta/kelnerke-sniadaniowa-kelnera-do-4hotelu-z-wieliczki-CID4-IDbP6rj.html#7a30b0d009
Kucharz/pizzer poszukiwany,3  gru,Pełny etat,Umowa o pracę,,https://www.olx.pl/oferta/kucharz-pizzer-poszukiwany-CID4-IDvclqU.html#7a30b0d009
pomoc kuchenna/ zmywająca,"Kraków, Grzegórzki",Pełny etat,Umowa o pracę,,https://www.olx.pl/oferta/pomoc-kuchenna-zmywajaca-CID4-IDCFZEH.html#7a30b0d009
Pomoc kuchni wykwalifikowana,3  gru,Niepełny etat,Umowa o pracę,od 20 zł do 24 zł/godz.  brutto,https://www.olx.pl/oferta/pomoc-kuchni-wykwalifikowana-CID4-IDCxp4j.html#7a30b0d009
Amerykańska Restauracja zatrudni kelnerkę!,"Kraków, Prądnik Biały",Pełny etat,Umowa o pracę,od 2 900 zł do 3 400 zł/mies.  brutto,https://www.olx.pl/oferta/amerykanska-restauracja-zatrudni-kelnerke-CID4-IDCFVLT.html#7a30b0d009
Praca w Restauracji na stanowisku- PIZZER,"Kraków, Stare Miasto",Pełny etat,Umowa o pracę,od 20 zł do 21 zł/godz.  brutto,https://www.olx.pl/oferta/praca-w-restauracji-na-stanowisku-pizzer-CID4-IDBhBre.html#a4d179fa60;promoted
Trattoria Cichy Kącik osobę na produkcję,17  gru,Pełny etat,Umowa o pracę,,https://www.olx.pl/oferta/trattoria-cichy-kacik-osobe-na-produkcje-CID4-IDBMLFq.html#a4d179fa60
Restauracja sushi zatrudni Sushimastera.,"Kraków, Dębniki",Pełny etat,Umowa o pracę,od 17 zł do 20 zł/godz.  brutto,https://www.olx.pl/oferta/restauracja-sushi-zatrudni-sushimastera-CID4-IDBCtaW.html#a4d179fa60
Bistro / Kawiarnia,16  gru,Pełny etat,Umowa o pracę,,https://www.olx.pl/oferta/bistro-kawiarnia-CID4-IDzf5Ig.html#a4d179fa60
Moment Resto Bar zatrudni kelnerów i kelnerki,"Kraków, Bieńczyce",Pełny etat,Umowa o pracę,od 4 000 zł do 4 300 zł/mies.  brutto,https://www.olx.pl/oferta/moment-resto-bar-zatrudni-kelnerow-i-kelnerki-CID4-IDCFwtR.html#a4d179fa60
"Restauracja ""Trzy Kaczki"" POMOC KUCHENNA/ZMYWAK",17  gru,Pełny etat,Umowa o pracę,,https://www.olx.pl/oferta/restauracja-trzy-kaczki-pomoc-kuchenna-zmywak-CID4-IDCFu69.html#a4d179fa60
Pomoc na kuchnię do obsługi śniadań hotelowych,"Kraków, Prądnik Biały",Pełny etat,Umowa o pracę,od 2 000 zł do 5 000 zł/mies.  brutto,https://www.olx.pl/oferta/pomoc-na-kuchnie-do-obslugi-sniadan-hotelowych-CID4-IDCFkoR.html#a4d179fa60
Pracownik ds. gastronomicznych w Kraków Airport (lotnisko Balice),30  lis,Dodatkowa / sezonowa,Umowa o pracę,,https://www.olx.pl/oferta/pracownik-ds-gastronomicznych-w-krakow-airport-lotnisko-balice-CID4-IDCzUCn.html#a4d179fa60
Restauracja Farina osobę na stanowisku Kucharz,"Kraków, Stare Miasto",Pełny etat,Umowa o pracę,,https://www.olx.pl/oferta/restauracja-farina-osobe-na-stanowisku-kucharz-CID4-IDA7E31.html#a4d179fa60
Restauracja Farina zatrudni osobę na stanowisku Managera,25  lis,Pełny etat,Umowa o pracę,,https://www.olx.pl/oferta/restauracja-farina-zatrudni-osobe-na-stanowisku-managera-CID4-IDA0PZ1.html#a4d179fa60
Pomoc kuchenna,"Kraków, Stare Miasto",Pełny etat,Umowa o pracę,,https://www.olx.pl/oferta/pomoc-kuchenna-CID4-IDxgGJn.html#a4d179fa60
Restauracja Sakana Sushi & Sticks Kraków zatrudni kucharza,29  lis,Pełny etat,Umowa o pracę,2 500 zł/mies. brutto,https://www.olx.pl/oferta/restauracja-sakana-sushi-sticks-krakow-zatrudni-kucharza-CID4-IDBvAlH.html#a4d179fa60
Sakana Sushi & Sticks Kraków zatrudni Sushi mastera,"Kraków, Dębniki",Pełny etat,Umowa o pracę,,https://www.olx.pl/oferta/sakana-sushi-sticks-krakow-zatrudni-sushi-mastera-CID4-IDBvAH3.html#a4d179fa60
zatrudnię do obsługi w kawiarni,29  lis,Pełny etat,Umowa o pracę,,https://www.olx.pl/oferta/zatrudnie-do-obslugi-w-kawiarni-CID4-IDAT5C2.html#a4d179fa60
Restauracja/Lunch bar w centrum przyjmie pomoc kuchenną,"Kraków, Stare Miasto",Pełny etat,Umowa o pracę,,https://www.olx.pl/oferta/restauracja-lunch-bar-w-centrum-przyjmie-pomoc-kuchenna-CID4-IDCEzAF.html#a4d179fa60
Miasteczko Studenckie VINCI BAR,28  lis,Pełny etat,Umowa o pracę,od 4 500 zł do 5 400 zł/mies.  brutto,https://www.olx.pl/oferta/miasteczko-studenckie-vinci-bar-CID4-IDAhNZU.html#a4d179fa60
Kelnerki poszukiwane do Yana Sushi na Ruczaju,"Kraków, Stare Miasto",Pełny etat,Umowa o pracę,od 4 500 zł do 5 400 zł/mies.  brutto,https://www.olx.pl/oferta/kelnerki-poszukiwane-do-yana-sushi-na-ruczaju-CID4-IDCEmjc.html#a4d179fa60
Hotel *** w Krakowie zatrudni Kelnerkę/ Kelnera,28  lis,Niepełny etat,Umowa o pracę,,https://www.olx.pl/oferta/hotel-w-krakowie-zatrudni-kelnerke-kelnera-CID4-IDCEfYJ.html#a4d179fa60
"Dietetyk - żywienie szpitalne, Kraków","Kraków, Łagiewniki-Borek Fałęcki",Pełny etat,Umowa o pracę,,https://www.olx.pl/oferta/dietetyk-zywienie-szpitalne-krakow-CID4-IDBOPVV.html#a4d179fa60
kucharkę zatrudnię,28  lis,Niepełny etat,Umowa o pracę,,https://www.olx.pl/oferta/kucharke-zatrudnie-CID4-IDCE5CK.html#a4d179fa60
Pomoc kuchenna,"Kraków, Podgórze",Pełny etat,Umowa o pracę,od 10 zł do 15 zł/godz.  brutto,https://www.olx.pl/oferta/pomoc-kuchenna-CID4-IDApOrI.html#a4d179fa60
Kelnerka/baristka,28  lis,Pełny etat,Umowa o pracę,,https://www.olx.pl/oferta/kelnerka-baristka-CID4-IDCDZa5.html#a4d179fa60
Praca Kelner(-ka),"Kraków, Bronowice",Pełny etat,Umowa o pracę,od 2 800 zł do 3 000 zł/mies.  brutto,https://www.olx.pl/oferta/praca-kelner-ka-CID4-IDAF1so.html#a4d179fa60
Pomoc kuchenna,28  lis,Pełny etat,Umowa o pracę,od 14 zł do 18 zł/godz.  brutto,https://www.olx.pl/oferta/pomoc-kuchenna-CID4-IDCDRmz.html#a4d179fa60
Restauracja Malecon zatrudni osobę na zmywak,"Kraków, Stare Miasto",Pełny etat,Umowa o pracę,3 000 zł/mies. brutto,https://www.olx.pl/oferta/restauracja-malecon-zatrudni-osobe-na-zmywak-CID4-IDCDFJr.html#a4d179fa60
Restauracja Malecon zatrudni kucharza śniadaniowego,28  lis,Pełny etat,Umowa o pracę,3 000 zł/mies. brutto,https://www.olx.pl/oferta/restauracja-malecon-zatrudni-kucharza-sniadaniowego-CID4-IDCDFeN.html#a4d179fa60
McDonalds Kraków Galeria Plaza do 20zł/h,"Kraków, Stare Miasto",Pełny etat,Umowa o pracę,od 15 zł do 17 zł/godz.  brutto,https://www.olx.pl/oferta/mcdonalds-krakow-galeria-plaza-do-20zl-h-CID4-IDCyi6Q.html#a4d179fa60
Kucharz,28  lis,Pełny etat,Umowa o pracę,,https://www.olx.pl/oferta/kucharz-CID4-IDCDEsy.html#a4d179fa60
"Kelner/ kelnerka, barman/barmanka","Kraków, Bieńczyce",Pełny etat,Umowa o pracę,,https://www.olx.pl/oferta/kelner-kelnerka-barman-barmanka-CID4-IDCDBKJ.html#a4d179fa60
Kucharka / Kucharz samodzielny,28  lis,Pełny etat,Umowa o pracę,,https://www.olx.pl/oferta/kucharka-kucharz-samodzielny-CID4-IDCDB2A.html#a4d179fa60
Pomoc kuchenna,"Kraków, Krowodrza",Niepełny etat,Umowa o pracę,od 14 zł do 20 zł/godz.  brutto,https://www.olx.pl/oferta/pomoc-kuchenna-CID4-IDBli0v.html#a4d179fa60
Kelnerka,27  lis,Pełny etat,Umowa o pracę,,https://www.olx.pl/oferta/kelnerka-CID4-IDCDjnP.html#a4d179fa60
Kelner/ kelnetrka na stałe,"Kraków, Krowodrza",Pełny etat,Umowa o pracę,,https://www.olx.pl/oferta/kelner-kelnetrka-na-stale-CID4-IDyib0i.html#a4d179fa60
Pomoc kuchenna/zmywak,27  lis,Pełny etat,Umowa o pracę,,https://www.olx.pl/oferta/pomoc-kuchenna-zmywak-CID4-IDCD6Cp.html#a4d179fa60
"Renomowana, krakowska restauracja hotelowa zatrudni kelnerkę/kelnera","Kraków, Nowa Huta",Pełny etat,Umowa o pracę,,https://www.olx.pl/oferta/renomowana-krakowska-restauracja-hotelowa-zatrudni-kelnerke-kelnera-CID4-IDCD2WM.html#a4d179fa60
Szef Kuchni,27  lis,Niepełny etat,Umowa o pracę,od 13 zł do 16 zł/godz.  brutto,https://www.olx.pl/oferta/szef-kuchni-CID4-IDA8jwg.html#a4d179fa60
Praca w McCafe Dworzec PKP,"Kraków, Stare Miasto",Pełny etat,Umowa o pracę,,https://www.olx.pl/oferta/praca-w-mccafe-dworzec-pkp-CID4-IDzhEeX.html#a4d179fa60
"Restauracja ""Peperone"" ul.Siewna 18 zatrudni osobę na zmywak",27  lis,Niepełny etat,Umowa o pracę,,https://www.olx.pl/oferta/restauracja-peperone-ul-siewna-18-zatrudni-osobe-na-zmywak-CID4-IDCCAyA.html#a4d179fa60
Kelner/Kelnerka,"Kraków, Bronowice",Pełny etat,Umowa o pracę,od 15 zł do 20 zł/godz.  brutto,https://www.olx.pl/oferta/kelner-kelnerka-CID4-IDBG6RT.html#a4d179fa60
Sieć restauracji Olimp zatrudni kucharza - CH Czyżyny,27  lis,Pełny etat,Umowa o pracę,,https://www.olx.pl/oferta/siec-restauracji-olimp-zatrudni-kucharza-ch-czyzyny-CID4-IDz2HoW.html#a4d179fa60
Pracownik Restauracji McDonalds Kraków Czyżyny 3000 brutto miesięcznie,"Kraków, Grzegórzki",Pełny etat,Umowa o pracę,,https://www.olx.pl/oferta/pracownik-restauracji-mcdonalds-krakow-czyzyny-3000-brutto-miesiecznie-CID4-IDCQDzH.html#9a32ababfe;promoted
Praca w Restauracji na stanowisku- PIZZER,17  gru,Pełny etat,Umowa o pracę,od 14 zł do 16 zł/godz.  brutto,https://www.olx.pl/oferta/praca-w-restauracji-na-stanowisku-pizzer-CID4-IDBhBre.html#9a32ababfe;promoted
Pomoc na kuchnie do obsługi śniadań hotelowych,"Kraków, Bieżanów-Prokocim",Pełny etat,Umowa o pracę,od 2 500 zł do 3 000 zł/mies.  brutto,https://www.olx.pl/oferta/pomoc-na-kuchnie-do-obslugi-sniadan-hotelowych-CID4-IDCCtz4.html#9a32ababfe
Zatrudnię barmana,17  gru,Pełny etat,Umowa o pracę,od 4 700 zł do 5 000 zł/mies.  brutto,https://www.olx.pl/oferta/zatrudnie-barmana-CID4-IDAtuoj.html#9a32ababfe
Kelnerów i kelnerki,"Kraków, Czyżyny",Pełny etat,Umowa o pracę,,https://www.olx.pl/oferta/kelnerow-i-kelnerki-CID4-IDzUkZv.html#9a32ababfe
Kucharzy zatrudnię,12  gru,Pełny etat,Umowa o pracę,,https://www.olx.pl/oferta/kucharzy-zatrudnie-CID4-IDB75jh.html#9a32ababfe
Kuchnia ORZO Kraków Zabłocie,"Kraków, Grzegórzki",Niepełny etat,Umowa o pracę,,https://www.olx.pl/oferta/kuchnia-orzo-krakow-zablocie-CID4-IDuakVb.html#9a32ababfe
Zatrudnimy kelnerkę / kelnera biurowiec rondo Mogilskie pon-piątek,wczoraj 14:56,Pełny etat,Umowa o pracę,,https://www.olx.pl/oferta/zatrudnimy-kelnerke-kelnera-biurowiec-rondo-mogilskie-pon-piatek-CID4-IDAwaox.html#9a32ababfe
pomoc kuchenna,"Kraków, Prądnik Biały",Pełny etat,Umowa o pracę,,https://www.olx.pl/oferta/pomoc-kuchenna-CID4-IDC3Qsl.html#9a32ababfe
Pracownik Catering-Klub Studio,30  lis,Pełny etat,Umowa o pracę,,https://www.olx.pl/oferta/pracownik-catering-klub-studio-CID4-IDCCnol.html#9a32ababfe
Zatrudnimy KUCHARZA,"Kraków, Podgórze",Pełny etat,Umowa o pracę,,https://www.olx.pl/oferta/zatrudnimy-kucharza-CID4-IDCCkiG.html#9a32ababfe
Kucharz z doświadczeniem do Kuchni Marche - Galeria Bronowice,25  lis,Pełny etat,Umowa o pracę,,https://www.olx.pl/oferta/kucharz-z-doswiadczeniem-do-kuchni-marche-galeria-bronowice-CID4-IDAyy3s.html#9a32ababfe
Pomoc Kuchenna - Kuchnia Marche/ Sevi Kebab w Galerii Bronowice,"Kraków, Stare Miasto",Pełny etat,Umowa o pracę,3 500 zł/mies. brutto,https://www.olx.pl/oferta/pomoc-kuchenna-kuchnia-marche-sevi-kebab-w-galerii-bronowice-CID4-IDCa6Le.html#9a32ababfe
Kelner/ka śniadaniowa,25  lis,Pełny etat,Umowa o pracę,5 000 zł/mies. brutto,https://www.olx.pl/oferta/kelner-ka-sniadaniowa-CID4-IDCC8v2.html#9a32ababfe
Poszukujemy osobę na stanowisko Kucharz samodzielny w centrum Krakowa,"Kraków, Stare Miasto",Pełny etat,Umowa o pracę,od 4 000 zł do 4 300 zł/mies.  brutto,https://www.olx.pl/oferta/poszukujemy-osobe-na-stanowisko-kucharz-samodzielny-w-centrum-krakowa-CID4-IDzIb2Q.html#9a32ababfe
Kucharz Zmianowy,25  lis,Pełny etat,Umowa o pracę,,https://www.olx.pl/oferta/kucharz-zmianowy-CID4-IDCBYIA.html#9a32ababfe
barista/ kelner,"Kraków, Stare Miasto",Pełny etat,Umowa o pracę,,https://www.olx.pl/oferta/barista-kelner-CID4-IDCBYnT.html#9a32ababfe
"Zatrudnimy Kucharzy -Stanowisko Grill, Makarony",25  lis,Pełny etat,Umowa o pracę,,https://www.olx.pl/oferta/zatrudnimy-kucharzy-stanowisko-grill-makarony-CID4-IDz8Gw9.html#9a32ababfe;promoted
"Zmywak, pomoc kuchenna, osoba do zmywania naczyń - Kaziemierz/Podgórze","Kraków, Podgórze",Pełny etat,Umowa o pracę,,https://www.olx.pl/oferta/zmywak-pomoc-kuchenna-osoba-do-zmywania-naczyn-kaziemierz-podgorze-CID4-IDzn2VQ.html#9a32ababfe
Szef kuchni,25  lis,Pełny etat,Umowa o pracę,,https://www.olx.pl/oferta/szef-kuchni-CID4-IDCAqmZ.html#9a32ababfe
Kelnerzy do Hotelu 3 ***,"Kraków, Dębniki",Pełny etat,Umowa o pracę,,https://www.olx.pl/oferta/kelnerzy-do-hotelu-3-CID4-IDC8ehm.html#9a32ababfe
Zatrudnimy managera do klubu,25  lis,Pełny etat,Umowa o pracę,3 700 zł/mies. brutto,https://www.olx.pl/oferta/zatrudnimy-managera-do-klubu-CID4-IDypmDr.html#9a32ababfe
Szef Kuchni w Oliwka Kuchnie Świata na MS AGH,"Kraków, Stare Miasto",Pełny etat,Umowa o pracę,od 3 000 zł do 4 500 zł/mies.  brutto,https://www.olx.pl/oferta/szef-kuchni-w-oliwka-kuchnie-swiata-na-ms-agh-CID4-IDBWitT.html#9a32ababfe
Kucharz Śniadaniowy- Bachleda Luxury Hotel MGallery by Sofitel,25  lis,Pełny etat,Umowa o pracę,,https://www.olx.pl/oferta/kucharz-sniadaniowy-bachleda-luxury-hotel-mgallery-by-sofitel-CID4-IDBHtQW.html#9a32ababfe
Praca od zaraz w restauracjii,"Kraków, Krowodrza",Pełny etat,Umowa o pracę,,https://www.olx.pl/oferta/praca-od-zaraz-w-restauracjii-CID4-IDCzN0b.html#9a32ababfe
Dziewczynę do mycia naczyń zatrudnimy,25  lis,Pełny etat,Umowa o pracę,,https://www.olx.pl/oferta/dziewczyne-do-mycia-naczyn-zatrudnimy-CID4-IDCyfqT.html#9a32ababfe
Restauracja Wloska / ul. Sukiennicza 8 zatrudni kucharza zmianowego,"Kraków, Stare Miasto",Pełny etat,Umowa o pracę,,https://www.olx.pl/oferta/restauracja-wloska-ul-sukiennicza-8-zatrudni-kucharza-zmianowego-CID4-IDA02vi.html#9a32ababfe
Area Manager - kierownik sprzedaży / punkty sushi - KRAKÓW,25  lis,Pełny etat,Umowa o pracę,18 zł/godz. brutto,https://www.olx.pl/oferta/area-manager-kierownik-sprzedazy-punkty-sushi-krakow-CID4-IDCyZNT.html#9a32ababfe
Poszukujemy pracowników do lokali U Szwagra,"Kraków, Stare Miasto",Pełny etat,Umowa o pracę,,https://www.olx.pl/oferta/poszukujemy-pracownikow-do-lokali-u-szwagra-CID4-IDC3VqA.html#9a32ababfe
Restauracja Malecon zatrudni barmanów,25  lis,Pełny etat,Umowa o pracę,od 2 500 zł do 3 000 zł/mies.  brutto,https://www.olx.pl/oferta/restauracja-malecon-zatrudni-barmanow-CID4-IDCyfnH.html#9a32ababfe
POMOC KUCHENNĄ zatrudnię od zaraz,"Kraków, Bronowice",Pełny etat,Umowa o pracę,od 2 500 zł do 5 000 zł/mies.  brutto,https://www.olx.pl/oferta/pomoc-kuchenna-zatrudnie-od-zaraz-CID4-IDCycez.html#9a32ababfe
Zatrudnimy kelnerów i kelnerki praca w weekend.,25  lis,Pełny etat,Umowa o pracę,,https://www.olx.pl/oferta/zatrudnimy-kelnerow-i-kelnerki-praca-w-weekend-CID4-IDze8Ke.html#9a32ababfe
Praca Pomoc Kuchenna,"Kraków, Bronowice",Pełny etat,Umowa o pracę,,https://www.olx.pl/oferta/praca-pomoc-kuchenna-CID4-IDCxV9p.html#9a32ababfe
Pomoc Kucharza,25  lis,Pełny etat,Umowa o pracę,,https://www.olx.pl/oferta/pomoc-kucharza-CID4-IDCxV1B.html#9a32ababfe
"Pomoc kuchenna, szpital w Krakowie","Kraków, Prądnik Biały",Pełny etat,Umowa o pracę,,https://www.olx.pl/oferta/pomoc-kuchenna-szpital-w-krakowie-CID4-IDCxJr9.html#9a32ababfe
Osoba do wydawania śniadań,24  lis,Pełny etat,Umowa o pracę,,https://www.olx.pl/oferta/osoba-do-wydawania-sniadan-CID4-IDCx4mn.html#9a32ababfe
Hotel *** w Krakowie zatrudni Kelnerkę/ Kelnera,"Kraków, Grzegórzki",Pełny etat,Umowa o pracę,od 2 500 zł do 3 000 zł/mies.  brutto,https://www.olx.pl/oferta/hotel-w-krakowie-zatrudni-kelnerke-kelnera-CID4-IDCxkAZ.html#9a32ababfe
Barman / Kelner / Kelnerka / Szatniarz - Shine Club Kraków,24  lis,Pełny etat,Umowa o pracę,od 3 500 zł do 5 000 zł/mies.  brutto,https://www.olx.pl/oferta/barman-kelner-kelnerka-szatniarz-shine-club-krakow-CID4-IDCx9EU.html#9a32ababfe
Kelnerki zatrudni Restauracja Bazylia blisko Wawelu (nowy szef kuchni),"Kraków, Stare Miasto",Pełny etat,Umowa o pracę,,https://www.olx.pl/oferta/kelnerki-zatrudni-restauracja-bazylia-blisko-wawelu-nowy-szef-kuchni-CID4-IDrqaH5.html#9a32ababfe
Zatrudnię samodzielnego kucharza,24  lis,Dodatkowa / sezonowa,Umowa o pracę,,https://www.olx.pl/oferta/zatrudnie-samodzielnego-kucharza-CID4-IDCvZE9.html#9a32ababfe
